{
  "ll": [
    1.2956161857356119,
    1.080062679451853,
    0.8771250595755873,
    0.7407913324101514,
    0.63118591456424,
    0.5780650346357955,
    0.5330479643183733,
    0.4956693040796207,
    0.47671005955039536,
    0.4316986774051103,
    0.4129890852890425,
    0.39716774781350445,
    0.37435268343558187,
    0.35618250619357783,
    0.3659687310560974,
    0.3499445086460209,
    0.353834220698292,
    0.3407217115599305
  ],
  "la": [
    0.25396399376566003,
    0.37785542311606884,
    0.4891158400027863,
    0.5595270221919277,
    0.6097823319752925,
    0.647003511192657,
    0.6667562658645491,
    0.6882558637482605,
    0.6995431523678989,
    0.7184896723048657,
    0.7309863148830297,
    0.7382424274132605,
    0.7534265183723283,
    0.768744981339368,
    0.760817006006096,
    0.7688793549852261,
    0.7622951022265452,
    0.7699543337040581
  ],
  "vl": [
    1.2211703954819229,
    1.0224039029551897,
    0.7757269252990854,
    0.6525066007641042,
    0.6016273065794224,
    0.6096272219404532,
    0.5326371784821199,
    0.5069743486781105,
    0.49933216214460263,
    0.4753676469621707,
    0.4918789853111236,
    0.4585718346596185,
    0.4733261286885387,
    0.4574449886010265,
    0.455873107787537,
    0.4480002126723621,
    0.45065720691155864,
    0.4497171873185889
  ],
  "va": [
    0.3184953043453372,
    0.4200627046505859,
    0.5347962512865335,
    0.6031348120082508,
    0.6263323062452777,
    0.6200627126850679,
    0.6739812096084546,
    0.683385598939788,
    0.6984326204162407,
    0.716614439980737,
    0.7053291732427842,
    0.7329153804756631,
    0.7285266657794904,
    0.7278997069615929,
    0.7398119319008436,
    0.7366771370265924,
    0.736677135905502,
    0.7373040952278902
  ],
  "lr_backbone": [
    5.559534467323188e-06,
    9.996191777236305e-06,
    9.864957515919501e-06,
    9.551367932168596e-06,
    9.067177440995385e-06,
    8.430535165562504e-06,
    7.665304645691596e-06,
    6.800169350401834e-06,
    5.8675575229420965e-06,
    4.902426658818925e-06,
    3.940953178760017e-06,
    3.0191764121725176e-06,
    2.171647719255006e-06,
    1.4301353873077074e-06,
    8.224338461768555e-07,
    3.713218375295596e-07,
    9.370858935426663e-08,
    0.0
  ],
  "lr_head": [
    0.0001667860340196956,
    0.0002998857533170891,
    0.000295948725477585,
    0.0002865410379650578,
    0.0002720153232298615,
    0.0002529160549668751,
    0.00022995913937074784,
    0.00020400508051205497,
    0.00017602672568826287,
    0.0001470727997645677,
    0.00011822859536280048,
    9.05752923651755e-05,
    6.514943157765017e-05,
    4.290406161923121e-05,
    2.4673015385305662e-05,
    1.1139655125886787e-05,
    2.8112576806279986e-06,
    0.0
  ],
  "stage": [
    "freeze backbone (train head only)",
    "freeze backbone (train head only)",
    "unfreeze last 4 WavLM layers",
    "unfreeze last 4 WavLM layers",
    "unfreeze last 4 WavLM layers",
    "unfreeze last 4 WavLM layers",
    "unfreeze last 4 WavLM layers",
    "unfreeze last 4 WavLM layers",
    "unfreeze last 4 WavLM layers",
    "unfreeze last 4 WavLM layers",
    "unfreeze last 4 WavLM layers",
    "unfreeze last 4 WavLM layers",
    "unfreeze last 4 WavLM layers",
    "unfreeze last 4 WavLM layers",
    "unfreeze last 4 WavLM layers",
    "unfreeze last 4 WavLM layers",
    "unfreeze last 4 WavLM layers",
    "unfreeze last 4 WavLM layers"
  ]
}