{
  "ll": [
    1.6665811477328376,
    1.491499475269505,
    1.3190464627725829,
    1.1294954136936044,
    1.0414257211815925,
    0.9616227647836565,
    0.9065801103537651,
    0.871450948599327,
    0.8249059648366958,
    0.7932452070351728,
    0.771705151652392,
    0.753610532127341,
    0.7337163975145902,
    0.7243861387974763,
    0.696059028195628,
    0.6829748503140024,
    0.669098508141828,
    0.6657007250378043
  ],
  "la": [
    0.28620333891246935,
    0.3945226796763517,
    0.5063299427135957,
    0.6220772668975312,
    0.6784007414981016,
    0.7226456726626084,
    0.7561684735807518,
    0.7740602189911504,
    0.8023511371133155,
    0.8220514330987458,
    0.835163434074455,
    0.8508590794806178,
    0.8577057399878806,
    0.8665547251158514,
    0.8784394939191242,
    0.882896282228292,
    0.8889678482814686,
    0.894005957289716
  ],
  "vl": [
    1.6373606683838535,
    1.5340992720026365,
    1.3256766607392003,
    1.1444731613280068,
    1.2398540910532776,
    1.096732002379189,
    1.0780556582397138,
    1.0352679140131238,
    1.0666965633714702,
    0.9947275725552733,
    0.9804561413845546,
    0.9138727876502024,
    0.9840722350335457,
    0.9473771080164842,
    0.9226924200460944,
    0.9519206967488141,
    0.9473946001831914,
    0.9338343931251848
  ],
  "va": [
    0.29239437268653384,
    0.37408451425357603,
    0.4867605746967692,
    0.601126775691207,
    0.5814084655802015,
    0.646197200157273,
    0.6608450885725693,
    0.6963380473264507,
    0.674929596487905,
    0.7126760760831161,
    0.720000018905586,
    0.7639436835974035,
    0.7222535412076493,
    0.7408450908056448,
    0.749295794678406,
    0.7318310059292216,
    0.7464788936393362,
    0.7476056556466599
  ],
  "lr_backbone": [
    4.545774647887324e-06,
    9.091549295774649e-06,
    9.959759133067794e-06,
    9.797433389435543e-06,
    9.514587338051864e-06,
    9.118326589436355e-06,
    8.6186059388923e-06,
    8.027979283827823e-06,
    7.3612842468749215e-06,
    6.635269427650807e-06,
    5.868173647279641e-06,
    5.079267755822361e-06,
    4.288370513250648e-06,
    3.5153507059210556e-06,
    2.7796280062947905e-06,
    2.099685115220594e-06,
    1.4926034426594843e-06,
    9.736339914015064e-07
  ],
  "lr_head": [
    0.00013637323943661972,
    0.00027274647887323944,
    0.0002987927739920338,
    0.0002939230016830662,
    0.0002854376201415559,
    0.0002735497976830906,
    0.0002585581781667689,
    0.00024083937851483464,
    0.0002208385274062476,
    0.00019905808282952417,
    0.0001760452094183892,
    0.0001523780326746708,
    0.0001286511153975194,
    0.00010546052117763165,
    8.33888401888437e-05,
    6.299055345661781e-05,
    4.477810327978452e-05,
    2.9209019742045185e-05
  ],
  "stage": [
    "freeze backbone (head only)",
    "freeze backbone (head only)",
    "unfreeze last 6 layers",
    "unfreeze last 6 layers",
    "unfreeze last 6 layers",
    "unfreeze last 6 layers",
    "unfreeze last 6 layers",
    "unfreeze last 6 layers",
    "unfreeze last 6 layers",
    "unfreeze last 6 layers",
    "unfreeze last 6 layers",
    "unfreeze last 6 layers",
    "unfreeze last 6 layers",
    "unfreeze last 6 layers",
    "unfreeze last 6 layers",
    "unfreeze last 6 layers",
    "unfreeze last 6 layers",
    "unfreeze last 6 layers"
  ]
}